<?xml version="1.0" encoding="utf-8"?>
<ApplicationInstallerManifest>
   <DefaultInstallationDirectory>/Applications/HSD/sin_overtone_synth/</DefaultInstallationDirectory>
   <ApplicationName>sin_overtone_synth</ApplicationName>
   <ExecutableName>application/sin_overtone_synth.exe</ExecutableName>
   <GUID>d124ebf3-2b2e-469d-a9af-365bff897b46</GUID>
   <ApplicationIcon>icon_48.png</ApplicationIcon>
   <Logo>default_logo.png</Logo>
   <Version>1.0</Version>
   <InstallationNotes>In the following directions, replace MR/v94 by the directory on the target machine where MATLAB is installed, or MR by the directory where the MATLAB Runtime is installed.

If the environment variable DYLD_LIBRARY_PATH is undefined, set it to the following string:

MR/v94/runtime/maci64:MR/v94/sys/os/maci64:MR/v94/bin/maci64

If it is defined, set it to the following:

${DYLD_LIBRARY_PATH}:MR/v94/runtime/maci64:MR/v94/sys/os/maci64:MR/v94/bin/maci64
</InstallationNotes>
   <AuthorOrganization>HSD</AuthorOrganization>
   <Summary>This is a sin overtone synthesizer / visualizer which was developed as a part of a research project.</Summary>
   <WelcomePanelText>sin_overtone_synth 1.0
This is a sin overtone synthesizer / visualizer which was developed as a part of a research project.

This is a sin overtone synthesizer / visualizer which was developed as a part of a research project. It generates a sin root note and harmonics with different level gradients. You can also tweak the root note gain for residual effects, introduce deviation from the harmonic frequency multiples or add some white noise.
The files can be saved as a wav file with a sample rate of 44100

Simon Zimmermann
simon.zimmermann@rocketmail.com</WelcomePanelText>
   <MCRProducts>
      <MCRProduct>
         <ExternalProductIdentifier>35000</ExternalProductIdentifier>
      </MCRProduct>
      <MCRProduct>
         <ExternalProductIdentifier>35010</ExternalProductIdentifier>
      </MCRProduct>
   </MCRProducts>
</ApplicationInstallerManifest>